,Method,Output,Features,Scaling,Overall Score,Batch Correction,PCR batch,Batch ASW,graph iLISI,graph connectivity,kBET,Bio conservation,NMI cluster/label,ARI cluster/label,Cell type ASW,isolated label F1,isolated label silhouette,graph cLISI,CC conservation,HVG conservation
5,ComBat,gene,HVG,unscaled,0.812614636413709,0.564070081112671,0.999608300363364,0.891383888790996,0.0492083323959808,0.882329543725629,0,0.9783110066144,0.785174561309576,0.838713164011246,0.571904852986336,0.885682574916759,0.616121858358383,0.999950343624762,0.918678144212298,0.513678604564749
6,ComBat,gene,HVG,scaled,0.713277348932267,0.559803693265063,1,0.89008501133703,0.0474287862544044,0.877890939554871,0,0.815593119377069,0.758723610440584,0.767700194348781,0.579214453697205,0.890365448504983,0.636694490909576,0.999958307576815,0.789447455699975,0.248917849840753
7,BBKNN,graph,HVG,unscaled,0.610785838665397,0.725490196078431,NA,NA,0.212170429321639,0.99907986750092,3.33066907387547e-16,0.534316267056708,0.708034002081277,0.779493730165661,NA,0.0883066472586123,NA,0.986764240863712,NA,NA
2,Scanorama,embed,HVG,scaled,0.508198208030158,0.343399869255695,0.447857144705122,0.92109871103071,0.0459062461047563,0.332196016556947,0,0.618063767213134,0.653444946677907,0.523335374697512,0.552054970765926,0.436018957345972,0.542180925547412,0.999975934175961,0.667967483805466,NA
8,BBKNN,graph,HVG,scaled,0.439566708208453,0.612071078113182,NA,NA,0.149866294618434,0.99736393216976,3.33066907387547e-16,0.324563794938633,0.618921777476402,0.692041108429603,NA,0.0556265984654731,NA,0.977510937762488,NA,NA
1,Scanorama,embed,HVG,unscaled,0.39294071293803,0.220965023311427,0.120640194916653,0.904021031271446,0.0347047195852596,0.256140141142128,0,0.507591172689098,0.586897740395894,0.278365909580884,0.533352377024945,0.598870056497175,0.560798212681555,1,0.481466272801606,NA
3,Scanorama,gene,HVG,unscaled,0.372406988499534,0.316734708391239,0.328238487762341,0.792156747487911,0.0280139576591151,0.159693935440326,1.88737914186277e-15,0.409521841905065,0.519389035454363,0.247062584288275,0.488490696065128,0.59802538787024,0.473055452108383,1,0.740118379525041,0.293350187336605
4,Scanorama,gene,HVG,scaled,0.204053702373755,0.141387759634563,0.245149955958343,0.738345003163479,0.0346317423323442,0.112580847663981,9.99200722162641e-16,0.245830997533216,0.451448154258567,0.118227682139139,0.414208948612213,0.334448160535117,0.467225685715675,0.999902529067113,0.721214209884957,0.272376500498026
